,antecedents,consequents,antecedent support,consequent support,support,confidence,lift,leverage,conviction,zhangs_metric
35,frozenset({'MSFT'}),frozenset({'ATVI'}),0.5172855313700384,0.47759282970550576,0.3290653008962868,0.6361386138613861,1.3319685185676744,0.08201344020355403,1.4357312707413312,0.5163124812930262
3,frozenset({'MSFT'}),frozenset({'NTDOY'}),0.5172855313700384,0.5121638924455826,0.33034571062740076,0.6386138613861386,1.2468935643564356,0.06541073937514036,1.3499026537807168,0.4101947237472497
45,frozenset({'MSFT'}),frozenset({'TCEHY'}),0.5172855313700384,0.49039692701664533,0.33162612035851474,0.6410891089108911,1.307286146369206,0.07795088538447542,1.4198595964501746,0.48694734901631465
2,frozenset({'NTDOY'}),frozenset({'MSFT'}),0.5121638924455826,0.5172855313700384,0.33034571062740076,0.645,1.2468935643564356,0.06541073937514036,1.3597590665632722,0.40588821746118936
38,frozenset({'MSFT'}),frozenset({'TTWO'}),0.5172855313700384,0.5057618437900128,0.34699103713188223,0.6707920792079208,1.326300288256674,0.0853677530202751,1.5012948504423673,0.509665547583858
